{"_id": "5f57bfc8cd0446b0db0db2d0", "anonymous_formula": {"A": 1.0, "B": 1.0, "C": 3.0}, "band_gap": 5.050000000000001, "blessed_tasks": {"GGA NSCF Uniform": "mp-1686915", "GGA DFPT Dielectric": "mp-1538872", "GGA Static": "mp-1441033"}, "bv_structure": null, "chemsys": "C-Ca-O", "cif": "# generated using pymatgen\ndata_CaCO3\n_symmetry_space_group_name_H-M   'P 1'\n_cell_length_a   6.46332648\n_cell_length_b   6.46332648\n_cell_length_c   6.46332645\n_cell_angle_alpha   46.00450847\n_cell_angle_beta   46.00450847\n_cell_angle_gamma   46.00450991\n_symmetry_Int_Tables_number   1\n_chemical_formula_structural   CaCO3\n_chemical_formula_sum   'Ca2 C2 O6'\n_cell_volume   127.45632255\n_cell_formula_units_Z   2\nloop_\n _symmetry_equiv_pos_site_id\n _symmetry_equiv_pos_as_xyz\n  1  'x, y, z'\nloop_\n _atom_site_type_symbol\n _atom_site_label\n _atom_site_symmetry_multiplicity\n _atom_site_fract_x\n _atom_site_fract_y\n _atom_site_fract_z\n _atom_site_occupancy\n  Ca  Ca0  1  0.50000000  0.50000000  0.50000000  1\n  Ca  Ca1  1  0.00000000  0.00000000  0.00000000  1\n  C  C2  1  0.25000000  0.25000000  0.25000000  1\n  C  C3  1  0.75000000  0.75000000  0.75000000  1\n  O  O4  1  0.99274300  0.50725700  0.25000000  1\n  O  O5  1  0.25000000  0.99274300  0.50725700  1\n  O  O6  1  0.50725700  0.25000000  0.99274300  1\n  O  O7  1  0.75000000  0.00725700  0.49274300  1\n  O  O8  1  0.49274300  0.75000000  0.00725700  1\n  O  O9  1  0.00725700  0.49274300  0.75000000  1\n", "cifs": {"primitive": "# generated using pymatgen\ndata_CaCO3\n_symmetry_space_group_name_H-M   'P 1'\n_cell_length_a   6.46332648\n_cell_length_b   6.46332648\n_cell_length_c   6.46332648\n_cell_angle_alpha   46.00450916\n_cell_angle_beta   46.00450916\n_cell_angle_gamma   46.00450916\n_symmetry_Int_Tables_number   1\n_chemical_formula_structural   CaCO3\n_chemical_formula_sum   'Ca2 C2 O6'\n_cell_volume   127.45632392\n_cell_formula_units_Z   2\nloop_\n _symmetry_equiv_pos_site_id\n _symmetry_equiv_pos_as_xyz\n  1  'x, y, z'\nloop_\n _atom_site_type_symbol\n _atom_site_label\n _atom_site_symmetry_multiplicity\n _atom_site_fract_x\n _atom_site_fract_y\n _atom_site_fract_z\n _atom_site_occupancy\n  Ca  Ca0  1  0.50000000  0.50000000  0.50000000  1\n  Ca  Ca1  1  0.00000000  0.00000000  1.00000000  1\n  C  C2  1  0.25000000  0.25000000  0.25000000  1\n  C  C3  1  0.75000000  0.75000000  0.75000000  1\n  O  O4  1  0.50725700  0.99274300  0.25000000  1\n  O  O5  1  0.99274300  0.25000000  0.50725700  1\n  O  O6  1  0.25000000  0.50725700  0.99274300  1\n  O  O7  1  0.00725700  0.75000000  0.49274300  1\n  O  O8  1  0.75000000  0.49274300  0.00725700  1\n  O  O9  1  0.49274300  0.00725700  0.75000000  1\n", "refined": "# generated using pymatgen\ndata_CaCO3\n_symmetry_space_group_name_H-M   'P 1'\n_cell_length_a   5.05131392\n_cell_length_b   5.05131392\n_cell_length_c   17.30387198\n_cell_angle_alpha   90.00000000\n_cell_angle_beta   90.00000000\n_cell_angle_gamma   120.00000000\n_symmetry_Int_Tables_number   1\n_chemical_formula_structural   CaCO3\n_chemical_formula_sum   'Ca6 C6 O18'\n_cell_volume   382.36897176\n_cell_formula_units_Z   6\nloop_\n _symmetry_equiv_pos_site_id\n _symmetry_equiv_pos_as_xyz\n  1  'x, y, z'\nloop_\n _atom_site_type_symbol\n _atom_site_label\n _atom_site_symmetry_multiplicity\n _atom_site_fract_x\n _atom_site_fract_y\n _atom_site_fract_z\n _atom_site_occupancy\n  Ca  Ca0  1  0.33333333  0.66666667  0.16666667  1\n  Ca  Ca1  1  0.00000000  0.00000000  0.00000000  1\n  Ca  Ca2  1  -0.00000000  0.00000000  0.50000000  1\n  Ca  Ca3  1  0.66666667  0.33333333  0.33333333  1\n  Ca  Ca4  1  0.66666667  0.33333333  0.83333333  1\n  Ca  Ca5  1  0.33333333  0.66666667  0.66666667  1\n  C  C6  1  0.00000000  0.00000000  0.25000000  1\n  C  C7  1  0.66666667  0.33333333  0.08333333  1\n  C  C8  1  0.66666667  0.33333333  0.58333333  1\n  C  C9  1  0.33333333  0.66666667  0.41666667  1\n  C  C10  1  0.33333333  0.66666667  0.91666667  1\n  C  C11  1  0.00000000  0.00000000  0.75000000  1\n  O  O12  1  0.74274300  0.00000000  0.25000000  1\n  O  O13  1  0.00000000  0.74274300  0.25000000  1\n  O  O14  1  0.25725700  0.25725700  0.25000000  1\n  O  O15  1  0.66666667  0.59059033  0.08333333  1\n  O  O16  1  0.40940967  0.07607633  0.08333333  1\n  O  O17  1  0.92392367  0.33333333  0.08333333  1\n  O  O18  1  0.40940967  0.33333333  0.58333333  1\n  O  O19  1  0.66666667  0.07607633  0.58333333  1\n  O  O20  1  0.92392367  0.59059033  0.58333333  1\n  O  O21  1  0.33333333  0.92392367  0.41666667  1\n  O  O22  1  0.07607633  0.40940967  0.41666667  1\n  O  O23  1  0.59059033  0.66666667  0.41666667  1\n  O  O24  1  0.07607633  0.66666667  0.91666667  1\n  O  O25  1  0.33333333  0.40940967  0.91666667  1\n  O  O26  1  0.59059033  0.92392367  0.91666667  1\n  O  O27  1  0.00000000  0.25725700  0.75000000  1\n  O  O28  1  0.74274300  0.74274300  0.75000000  1\n  O  O29  1  0.25725700  0.00000000  0.75000000  1\n", "conventional_standard": "# generated using pymatgen\ndata_CaCO3\n_symmetry_space_group_name_H-M   'P 1'\n_cell_length_a   5.05131392\n_cell_length_b   5.05131392\n_cell_length_c   17.30387198\n_cell_angle_alpha   90.00000000\n_cell_angle_beta   90.00000000\n_cell_angle_gamma   120.00000000\n_symmetry_Int_Tables_number   1\n_chemical_formula_structural   CaCO3\n_chemical_formula_sum   'Ca6 C6 O18'\n_cell_volume   382.36897176\n_cell_formula_units_Z   6\nloop_\n _symmetry_equiv_pos_site_id\n _symmetry_equiv_pos_as_xyz\n  1  'x, y, z'\nloop_\n _atom_site_type_symbol\n _atom_site_label\n _atom_site_symmetry_multiplicity\n _atom_site_fract_x\n _atom_site_fract_y\n _atom_site_fract_z\n _atom_site_occupancy\n  Ca  Ca0  1  0.33333333  0.66666667  0.16666667  1\n  Ca  Ca1  1  0.00000000  0.00000000  0.00000000  1\n  Ca  Ca2  1  1.00000000  0.00000000  0.50000000  1\n  Ca  Ca3  1  0.66666667  0.33333333  0.33333333  1\n  Ca  Ca4  1  0.66666667  0.33333333  0.83333333  1\n  Ca  Ca5  1  0.33333333  0.66666667  0.66666667  1\n  C  C6  1  0.00000000  0.00000000  0.25000000  1\n  C  C7  1  0.66666667  0.33333333  0.08333333  1\n  C  C8  1  0.66666667  0.33333333  0.58333333  1\n  C  C9  1  0.33333333  0.66666667  0.41666667  1\n  C  C10  1  0.33333333  0.66666667  0.91666667  1\n  C  C11  1  0.00000000  0.00000000  0.75000000  1\n  O  O12  1  0.74274300  0.00000000  0.25000000  1\n  O  O13  1  0.00000000  0.74274300  0.25000000  1\n  O  O14  1  0.25725700  0.25725700  0.25000000  1\n  O  O15  1  0.66666667  0.59059033  0.08333333  1\n  O  O16  1  0.40940967  0.07607633  0.08333333  1\n  O  O17  1  0.92392367  0.33333333  0.08333333  1\n  O  O18  1  0.40940967  0.33333333  0.58333333  1\n  O  O19  1  0.66666667  0.07607633  0.58333333  1\n  O  O20  1  0.92392367  0.59059033  0.58333333  1\n  O  O21  1  0.33333333  0.92392367  0.41666667  1\n  O  O22  1  0.07607633  0.40940967  0.41666667  1\n  O  O23  1  0.59059033  0.66666667  0.41666667  1\n  O  O24  1  0.07607633  0.66666667  0.91666667  1\n  O  O25  1  0.33333333  0.40940967  0.91666667  1\n  O  O26  1  0.59059033  0.92392367  0.91666667  1\n  O  O27  1  0.00000000  0.25725700  0.75000000  1\n  O  O28  1  0.74274300  0.74274300  0.75000000  1\n  O  O29  1  0.25725700  0.00000000  0.75000000  1\n", "computed": "# generated using pymatgen\ndata_CaCO3\n_symmetry_space_group_name_H-M   'P 1'\n_cell_length_a   6.46332648\n_cell_length_b   6.46332648\n_cell_length_c   6.46332645\n_cell_angle_alpha   46.00450847\n_cell_angle_beta   46.00450847\n_cell_angle_gamma   46.00450991\n_symmetry_Int_Tables_number   1\n_chemical_formula_structural   CaCO3\n_chemical_formula_sum   'Ca2 C2 O6'\n_cell_volume   127.45632255\n_cell_formula_units_Z   2\nloop_\n _symmetry_equiv_pos_site_id\n _symmetry_equiv_pos_as_xyz\n  1  'x, y, z'\nloop_\n _atom_site_type_symbol\n _atom_site_label\n _atom_site_symmetry_multiplicity\n _atom_site_fract_x\n _atom_site_fract_y\n _atom_site_fract_z\n _atom_site_occupancy\n  Ca  Ca0  1  0.50000000  0.50000000  0.50000000  1\n  Ca  Ca1  1  0.00000000  0.00000000  0.00000000  1\n  C  C2  1  0.25000000  0.25000000  0.25000000  1\n  C  C3  1  0.75000000  0.75000000  0.75000000  1\n  O  O4  1  0.99274300  0.50725700  0.25000000  1\n  O  O5  1  0.25000000  0.99274300  0.50725700  1\n  O  O6  1  0.50725700  0.25000000  0.99274300  1\n  O  O7  1  0.75000000  0.00725700  0.49274300  1\n  O  O8  1  0.49274300  0.75000000  0.00725700  1\n  O  O9  1  0.00725700  0.49274300  0.75000000  1\n"}, "cohesive_energy": null, "cpu_time": null, "created_at": "2011-05-13 11:02:15", "decomposes_to": null, "delta_volume": null, "density": 2.6079240978163982, "deprecated": false, "e_above_hull": 0, "efermi": 0.97829068, "elements": ["Ca", "C", "O"], "encut": 520, "final_energy": -74.91432647, "final_energy_per_atom": -7.491432647000001, "formation_energy_per_atom": -2.6987868547500007, "full_formula": "Ca2C2O6", "has": ["phonons", "diel", "xas", "elasticity", "bandstructure"], "has_bandstructure": true, "hubbards": {}, "icsd_id": null, "icsd_ids": [169913, 169931, 169914, 191854, 169925, 28827, 191853, 166365, 191857, 169928, 169919, 169932, 190276, 158472, 180349, 190275, 40112, 191859, 169924, 40107, 40543, 40544, 169918, 423567, 40548, 18164, 191860, 52151, 158258, 16710, 40546, 191861, 37241, 164935, 423568, 169927, 18166, 169933, 79674, 20179, 169923, 191868, 166364, 172232, 169926, 169929, 40114, 191858, 191856, 191852, 191865, 169930, 40116, 169915, 40113, 191867, 80869, 40545, 169921, 180348, 40115, 191866, 18165, 169917, 79673, 169922, 158257, 191862, 191864, 191855, 169920, 191863, 169916, 73446], "initial_structure": {"@module": "pymatgen.core.structure", "@class": "Structure", "charge": null, "lattice": {"matrix": [[5.949424, -2.525657, 0.0], [5.949424, 2.525657, 0.0], [4.877229, 0.0, 4.241135]], "a": 6.463326482038873, "b": 6.463326482038873, "c": 6.463326450572183, "alpha": 46.00450846776466, "beta": 46.00450846776466, "gamma": 46.00450991145827, "volume": 127.45632255482008}, "sites": [{"species": [{"element": "Ca", "occu": 1}], "abc": [0.5, 0.5, 0.5], "xyz": [8.3880385, 0.0, 2.1205675], "label": "Ca", "properties": {}}, {"species": [{"element": "Ca", "occu": 1}], "abc": [0.0, 0.0, 0.0], "xyz": [0.0, 0.0, 0.0], "label": "Ca", "properties": {}}, {"species": [{"element": "C", "occu": 1}], "abc": [0.25, 0.25, 0.25], "xyz": [4.19401925, 0.0, 1.06028375], "label": "C", "properties": {}}, {"species": [{"element": "C", "occu": 1}], "abc": [0.75, 0.75, 0.75], "xyz": [12.582057749999999, 0.0, 3.18085125], "label": "C", "properties": {}}, {"species": [{"element": "O", "occu": 1}], "abc": [0.992743, 0.507257, 0.25], "xyz": [10.143443249999999, -1.2261711143020002, 1.06028375], "label": "O", "properties": {}}, {"species": [{"element": "O", "occu": 1}], "abc": [0.25, 0.992743, 0.507257], "xyz": [9.867613580885, 1.875914057151, 2.151345416695], "label": "O", "properties": {}}, {"species": [{"element": "O", "occu": 1}], "abc": [0.507257, 0.25, 0.992743], "xyz": [9.347077919114998, -0.6497429428489998, 4.210357083305], "label": "O", "properties": {}}, {"species": [{"element": "O", "occu": 1}], "abc": [0.75, 0.007257, 0.492743], "xyz": [6.908463419114999, -1.8759140571509998, 2.089789583305], "label": "O", "properties": {}}, {"species": [{"element": "O", "occu": 1}], "abc": [0.492743, 0.75, 0.007257], "xyz": [7.428999080884999, 0.649742942849, 0.030777916695], "label": "O", "properties": {}}, {"species": [{"element": "O", "occu": 1}], "abc": [0.007257, 0.492743, 0.75], "xyz": [6.63263375, 1.2261711143019998, 3.18085125], "label": "O", "properties": {}}]}, "input": {"incar": {"ALGO": "Fast", "EDIFF": 0.0005, "ENCUT": 520, "IBRION": 2, "ICHARG": 1, "ISIF": 3, "ISMEAR": -5, "ISPIN": 2, "LORBIT": 11, "LREAL": "Auto", "LWAVE": false, "MAGMOM": [0.6, 0.6, 0.6, 0.6, 0.6, 0.6, 0.6, 0.6, 0.6, 0.6], "NELM": 100, "NSW": 99, "PREC": "Accurate", "SIGMA": 0.05, "@module": "pymatgen.io.vasp.inputs", "@class": "Incar"}, "kpoints": {"comment": "Automatic kpoint scheme", "nkpoints": 0, "generation_style": "Gamma", "kpoints": [[5, 5, 4]], "usershift": [0, 0, 0], "kpts_weights": null, "coord_type": null, "labels": null, "tet_number": 0, "tet_weight": 0, "tet_connections": null, "@module": "pymatgen.io.vasp.inputs", "@class": "Kpoints"}, "potcar_spec": [{"titel": "PAW_PBE Ca_sv 06Sep2000", "hash": "eb006721e214c04b3c13146e81b3a27d"}, {"titel": "PAW_PBE C 08Apr2002", "hash": "c0a8167dbb174fe492a3db7f5006c0f8"}, {"titel": "PAW_PBE O 08Apr2002", "hash": "7a25bc5b9a5393f46600a4939d357982"}]}, "ionic_steps": null, "is_compatible": true, "is_hubbard": false, "is_ordered": true, "magnetic_type": "NM", "nelements": 3, "nkpts": null, "nsites": 10, "ntask_ids": 28, "original_task_id": "mp-3953", "oxide_type": "oxide", "pretty_formula": "CaCO3", "pseudo_potential": {"functional": "PBE", "labels": ["Ca_sv", "C", "O"], "pot_type": "paw"}, "reduced_cell_formula": {"Ca": 1.0, "C": 1.0, "O": 3.0}, "run_stats": null, "run_type": "GGA", "snl": {"@module": "pymatgen.util.provenance", "@class": "StructureNL", "charge": null, "lattice": {"matrix": [[5.949424, -2.525657, 0.0], [5.949424, 2.525657, 0.0], [4.877229, 0.0, 4.241135]], "a": 6.463326482038873, "b": 6.463326482038873, "c": 6.463326450572183, "alpha": 46.00450846776466, "beta": 46.00450846776466, "gamma": 46.00450991145827, "volume": 127.45632255482008}, "sites": [{"species": [{"element": "Ca", "occu": 1}], "abc": [0.5, 0.5, 0.5], "xyz": [8.3880385, 0.0, 2.1205675], "label": "Ca", "properties": {"magmom": 0.0}}, {"species": [{"element": "Ca", "occu": 1}], "abc": [0.0, 0.0, 0.0], "xyz": [0.0, 0.0, 0.0], "label": "Ca", "properties": {"magmom": 0.0}}, {"species": [{"element": "C", "occu": 1}], "abc": [0.25, 0.25, 0.25], "xyz": [4.19401925, 0.0, 1.06028375], "label": "C", "properties": {"magmom": -0.0}}, {"species": [{"element": "C", "occu": 1}], "abc": [0.75, 0.75, 0.75], "xyz": [12.582057749999999, 0.0, 3.18085125], "label": "C", "properties": {"magmom": -0.0}}, {"species": [{"element": "O", "occu": 1}], "abc": [0.992743, 0.507257, 0.25], "xyz": [10.143443249999999, -1.2261711143020002, 1.06028375], "label": "O", "properties": {"magmom": -0.0}}, {"species": [{"element": "O", "occu": 1}], "abc": [0.25, 0.992743, 0.507257], "xyz": [9.867613580885, 1.875914057151, 2.151345416695], "label": "O", "properties": {"magmom": -0.0}}, {"species": [{"element": "O", "occu": 1}], "abc": [0.507257, 0.25, 0.992743], "xyz": [9.347077919114998, -0.6497429428489998, 4.210357083305], "label": "O", "properties": {"magmom": -0.0}}, {"species": [{"element": "O", "occu": 1}], "abc": [0.75, 0.007257, 0.492743], "xyz": [6.908463419114999, -1.8759140571509998, 2.089789583305], "label": "O", "properties": {"magmom": -0.0}}, {"species": [{"element": "O", "occu": 1}], "abc": [0.492743, 0.75, 0.007257], "xyz": [7.428999080884999, 0.649742942849, 0.030777916695], "label": "O", "properties": {"magmom": -0.0}}, {"species": [{"element": "O", "occu": 1}], "abc": [0.007257, 0.492743, 0.75], "xyz": [6.63263375, 1.2261711143019998, 3.18085125], "label": "O", "properties": {"magmom": -0.0}}], "about": {"authors": [{"name": "Materials Project", "email": "feedback@materialsproject.org"}], "projects": ["ICSD"], "references": "@article{Antao2010,\n    author = \"Antao, S.M. and Hassan, I.\",\n    title = \"Temperature dependence of the structural parameters in the transformation of aragonite to calcite, as determined from in situ synchrotron powder x-ray-diffraction data\",\n    journal = \"Canadian Mineralogist\",\n    year = \"2010\",\n    volume = \"48\",\n    pages = \"1225-1236\",\n    ASTM_id = \"CAMIA6\"\n}\n\n@article{Antao2009,\n    author = \"Antao, Sytle M. and Hassan, Ishmael and Mulder, Willem H. and Lee, Peter L. and Toby, Brian H.\",\n    title = \"In situ study of the R3-c to R3-m orientational disorder in calcite\",\n    journal = \"Physics and Chemistry of Minerals\",\n    year = \"2009\",\n    volume = \"36\",\n    pages = \"159-169\",\n    ASTM_id = \"PCMIDU\"\n}\n\n@article{Elliott1937,\n    author = \"Elliott, N.\",\n    title = \"A redetermination of the carbon - oxygen distance in calcite and the nitrogen - oxygen distance in sodium nitrate\",\n    journal = \"Journal of the American Chemical Society\",\n    year = \"1937\",\n    volume = \"59\",\n    pages = \"1380-1382\",\n    ASTM_id = \"JACSAT\"\n}\n\n@article{Sitepu2009,\n    author = \"Sitepu, H.\",\n    title = \"Texture and structural refinement using neutron diffraction data from molybdite (Mo O3) and calcite (Ca C O3) powders and a Ni-rich Ni50.7 Ti49.30 alloy\",\n    journal = \"Powder Diffraction\",\n    year = \"2009\",\n    volume = \"24\",\n    pages = \"315-326\",\n    ASTM_id = \"PODIE2\"\n}\n\n@article{Lutterotti1997,\n    author = \"Lutterotti, L. and Matthies, S. and Wenk, H.R. and Schultz, A.S. and Richardson, J.W., Jr.\",\n    title = \"Combined texture and structure analysis of deformed limestone from time-of-flight neutron diffraction spectra\",\n    journal = \"Journal of Applied Physics\",\n    year = \"1997\",\n    volume = \"81\",\n    pages = \"594-600\",\n    ASTM_id = \"JAPIAU\"\n}\n\n@article{Prencipe2004,\n    author = \"Prencipe, M. and Pascal, F. and Zicovich-Wilson, C.M. and Saunders, V.R. and Orlando, R. and Dovesi, R.\",\n    title = \"The vibrational spectrum of calcite (Ca C O3): an ab initio quantum-mechanical calculation note: Theoretically derived structure\",\n    journal = \"Physics and Chemistry of Minerals\",\n    year = \"2004\",\n    volume = \"31\",\n    pages = \"559-564\",\n    ASTM_id = \"PCMIDU\"\n}\n\n@article{Brik2011,\n    author = \"Brik, M.G.\",\n    title = \"First-principles calculations of structural, electronic, optical and elastic properties of magnesite Mg C O3 and calcite Ca C O3\",\n    journal = \"Physica B, Condensed Matter\",\n    year = \"2011\",\n    volume = \"406\",\n    pages = \"1004-1012\",\n    ASTM_id = \"PHYBE3\"\n}\n\n@article{Markgraf1985,\n    author = \"Markgraf, S.A. and Reeder, R.J.\",\n    title = \"High-temperature structure refinements of calcite and magnesite\",\n    journal = \"American Mineralogist\",\n    year = \"1985\",\n    volume = \"70\",\n    pages = \"590-600\",\n    ASTM_id = \"AMMIAY\"\n}\n\n@article{Simon2011,\n    author = \"Simon, P. and Carrillo-Cabrera, W. and Yaxi, Huang and Buder, J. and Borrmann, H. and Cardoso-Gil, R. and Rosseeva, E. and Yarin, Y. and Zahnert, T. and Kniep, R.\",\n    title = \"Structural relationship between calcite-gelatine composites and biogenic (human) otoconia\",\n    journal = \"European Journal of Inorganic Chemistry (online)\",\n    year = \"2011\",\n    volume = \"2011\",\n    pages = \"5370-5377\",\n    ASTM_id = \"EJICFO\"\n}\n\n@article{Chessin1965,\n    author = \"Chessin, H. and Hamilton, W.C. and Post, B.\",\n    title = \"Position and termal parameters of oxygen atoms in calcite\",\n    journal = \"Acta Crystallographica (1,1948-23,1967)\",\n    year = \"1965\",\n    volume = \"18\",\n    pages = \"689-693\",\n    ASTM_id = \"ACCRA9\"\n}\n\n@article{Pilati1998,\n    author = \"Pilati, T. and Demartin, F. and Gramaccioli, C.M.\",\n    title = \"Lattice-dynamical estimation of atomic displacement parameters in carbonates: Calcite and aragonite Ca C O3, dolomite Ca Mg (C O3)2, and magnesite Mg C O3\",\n    journal = \"Acta Crystallographica, Section B: Structural Science\",\n    year = \"1998\",\n    volume = \"54\",\n    pages = \"515-523\",\n    ASTM_id = \"ASBSDK\"\n}\n\n@article{Sitepu2005,\n    author = \"Sitepu, H. and O'Connor, B.H. and Deyu, Li\",\n    title = \"Comparative evaluation of the March and generalized spherical harmonic preferred orientation models using X-ray diffraction data for molybdite and calcite powders\",\n    journal = \"Journal of Applied Crystallography\",\n    year = \"2005\",\n    volume = \"38\",\n    pages = \"158-167\",\n    ASTM_id = \"JACGAR\"\n}\n\n@article{Sass1957,\n    author = \"Sass, R.L. and Vidale, R. and Donohue, J.\",\n    title = \"Interatomic Distances and Thermal Anisotropy in Sodium Nitrate Calcite\",\n    journal = \"Acta Crystallographica (1,1948-23,1967)\",\n    year = \"1957\",\n    volume = \"10\",\n    pages = \"567-570\",\n    ASTM_id = \"ACCRA9\"\n}\n\n@article{Wyckoff1920,\n    author = \"Wyckoff, R.W.G.\",\n    title = \"The crystal structures of some carbonates of the calcite group\",\n    journal = \"American Journal of Science, Serie 4(-1920)\",\n    year = \"1920\",\n    volume = \"50\",\n    pages = \"317-360\",\n    ASTM_id = \"AJSC4K\"\n}\n\n@article{Sleight1970,\n    author = \"Sleight, A.W. and Prewitt, C.T.\",\n    title = \"Preparation of Cu Nb O3 and Cu Ta O3 at high pressure\",\n    journal = \"Materials Research Bulletin\",\n    year = \"1970\",\n    volume = \"5\",\n    pages = \"207-212\",\n    ASTM_id = \"MRBUAC\"\n}\n\n@article{Wartchow1989,\n    author = \"Wartchow, R.\",\n    title = {Datensammlung nach der \"Learnt profile\"-Methode(LP) fuer Calcit und Vergleich mit der \"Background peak background\"-Methode (BPB)},\n    journal = \"Zeitschrift fuer Kristallographie (1979-2010)\",\n    year = \"1989\",\n    volume = \"186\",\n    pages = \"300-302\",\n    ASTM_id = \"ZEKRDZ\"\n}\n\n@article{Borodin1979,\n    author = \"Borodin, V.L. and Lyutin, V.I. and Ilyukhin, V.V. and Belov, N.V.\",\n    title = \"The isomorphous series calcite - otavite\",\n    journal = \"Doklady Akademii Nauk SSSR\",\n    year = \"1979\",\n    volume = \"245\",\n    pages = \"1099-1101\",\n    ASTM_id = \"DANKAS\"\n}\n\n@article{Maslen1995,\n    author = \"Maslen, E.N. and Strel'tsov, V.A. and Strel'tsova, N.R. and Ishizawa, N.\",\n    title = \"Electron density and optical anisotropy in rhombohedral carbonates.III.Synchrotron X-ray studies of Ca C O3, Mg C O3 and MnC O3\",\n    journal = \"Acta Crystallographica, Section B: Structural Science\",\n    year = \"1995\",\n    volume = \"51\",\n    pages = \"929-939\",\n    ASTM_id = \"ASBSDK\"\n}\n\n@article{Maslen1993,\n    author = \"Maslen, E.N. and Strel'tsov, V.A. and Strel'tsova, N.R.\",\n    title = \"X-ray study of the electron density in calcite, CaCO3\",\n    journal = \"Acta Crystallographica, Section B: Structural Science\",\n    year = \"1993\",\n    volume = \"49\",\n    pages = \"636-641\",\n    ASTM_id = \"ASBSDK\"\n}\n", "remarks": ["Calcite", "Calcium carbonate"], "history": [{"name": "ICSD", "url": "https://icsd.fiz-karlsruhe.de/", "description": {"id": "169931", "experimental": true}}, {"name": "Materials Project Optimized Structure", "url": "http://www.materialsproject.org", "description": {}}], "created_at": "2017-07-18 08:21:08.349184", "_db_ids": {"icsd_ids": ["169913", "169931", "169914", "191854", "169925", "28827", "191853", "166365", "191857", "169928", "169919", "169932", "190276", "158472", "180349", "190275", "40112", "191859", "169924", "40107", "40543", "40544", "169918", "423567", "40548", "18164", "191860", "52151", "158258", "16710", "40546", "191861", "37241", "164935", "423568", "169927", "18166", "169933", "79674", "20179", "169923", "191868", "166364", "172232", "169926", "169929", "40114", "191858", "191856", "191852", "191865", "169930", "40116", "169915", "40113", "191867", "80869", "40545", "169921", "180348", "40115", "191866", "18165", "169917", "79673", "169922", "158257", "191862", "191864", "191855", "169920", "191863", "169916", "73446"]}, "_tags": ["High pressure experimental phase", "Calcite", "Calcium carbonate"], "_experimental": true}}, "snl_final": {"@module": "pymatgen.util.provenance", "@class": "StructureNL", "charge": null, "lattice": {"matrix": [[5.949424, -2.525657, 0.0], [5.949424, 2.525657, 0.0], [4.877229, 0.0, 4.241135]], "a": 6.463326482038873, "b": 6.463326482038873, "c": 6.463326450572183, "alpha": 46.00450846776466, "beta": 46.00450846776466, "gamma": 46.00450991145827, "volume": 127.45632255482008}, "sites": [{"species": [{"element": "Ca", "occu": 1}], "abc": [0.5, 0.5, 0.5], "xyz": [8.3880385, 0.0, 2.1205675], "label": "Ca", "properties": {"magmom": 0.0}}, {"species": [{"element": "Ca", "occu": 1}], "abc": [0.0, 0.0, 0.0], "xyz": [0.0, 0.0, 0.0], "label": "Ca", "properties": {"magmom": 0.0}}, {"species": [{"element": "C", "occu": 1}], "abc": [0.25, 0.25, 0.25], "xyz": [4.19401925, 0.0, 1.06028375], "label": "C", "properties": {"magmom": -0.0}}, {"species": [{"element": "C", "occu": 1}], "abc": [0.75, 0.75, 0.75], "xyz": [12.582057749999999, 0.0, 3.18085125], "label": "C", "properties": {"magmom": -0.0}}, {"species": [{"element": "O", "occu": 1}], "abc": [0.992743, 0.507257, 0.25], "xyz": [10.143443249999999, -1.2261711143020002, 1.06028375], "label": "O", "properties": {"magmom": -0.0}}, {"species": [{"element": "O", "occu": 1}], "abc": [0.25, 0.992743, 0.507257], "xyz": [9.867613580885, 1.875914057151, 2.151345416695], "label": "O", "properties": {"magmom": -0.0}}, {"species": [{"element": "O", "occu": 1}], "abc": [0.507257, 0.25, 0.992743], "xyz": [9.347077919114998, -0.6497429428489998, 4.210357083305], "label": "O", "properties": {"magmom": -0.0}}, {"species": [{"element": "O", "occu": 1}], "abc": [0.75, 0.007257, 0.492743], "xyz": [6.908463419114999, -1.8759140571509998, 2.089789583305], "label": "O", "properties": {"magmom": -0.0}}, {"species": [{"element": "O", "occu": 1}], "abc": [0.492743, 0.75, 0.007257], "xyz": [7.428999080884999, 0.649742942849, 0.030777916695], "label": "O", "properties": {"magmom": -0.0}}, {"species": [{"element": "O", "occu": 1}], "abc": [0.007257, 0.492743, 0.75], "xyz": [6.63263375, 1.2261711143019998, 3.18085125], "label": "O", "properties": {"magmom": -0.0}}], "about": {"authors": [{"name": "Materials Project", "email": "feedback@materialsproject.org"}], "projects": ["ICSD"], "references": "@article{Antao2010,\n    author = \"Antao, S.M. and Hassan, I.\",\n    title = \"Temperature dependence of the structural parameters in the transformation of aragonite to calcite, as determined from in situ synchrotron powder x-ray-diffraction data\",\n    journal = \"Canadian Mineralogist\",\n    year = \"2010\",\n    volume = \"48\",\n    pages = \"1225-1236\",\n    ASTM_id = \"CAMIA6\"\n}\n\n@article{Antao2009,\n    author = \"Antao, Sytle M. and Hassan, Ishmael and Mulder, Willem H. and Lee, Peter L. and Toby, Brian H.\",\n    title = \"In situ study of the R3-c to R3-m orientational disorder in calcite\",\n    journal = \"Physics and Chemistry of Minerals\",\n    year = \"2009\",\n    volume = \"36\",\n    pages = \"159-169\",\n    ASTM_id = \"PCMIDU\"\n}\n\n@article{Elliott1937,\n    author = \"Elliott, N.\",\n    title = \"A redetermination of the carbon - oxygen distance in calcite and the nitrogen - oxygen distance in sodium nitrate\",\n    journal = \"Journal of the American Chemical Society\",\n    year = \"1937\",\n    volume = \"59\",\n    pages = \"1380-1382\",\n    ASTM_id = \"JACSAT\"\n}\n\n@article{Sitepu2009,\n    author = \"Sitepu, H.\",\n    title = \"Texture and structural refinement using neutron diffraction data from molybdite (Mo O3) and calcite (Ca C O3) powders and a Ni-rich Ni50.7 Ti49.30 alloy\",\n    journal = \"Powder Diffraction\",\n    year = \"2009\",\n    volume = \"24\",\n    pages = \"315-326\",\n    ASTM_id = \"PODIE2\"\n}\n\n@article{Lutterotti1997,\n    author = \"Lutterotti, L. and Matthies, S. and Wenk, H.R. and Schultz, A.S. and Richardson, J.W., Jr.\",\n    title = \"Combined texture and structure analysis of deformed limestone from time-of-flight neutron diffraction spectra\",\n    journal = \"Journal of Applied Physics\",\n    year = \"1997\",\n    volume = \"81\",\n    pages = \"594-600\",\n    ASTM_id = \"JAPIAU\"\n}\n\n@article{Prencipe2004,\n    author = \"Prencipe, M. and Pascal, F. and Zicovich-Wilson, C.M. and Saunders, V.R. and Orlando, R. and Dovesi, R.\",\n    title = \"The vibrational spectrum of calcite (Ca C O3): an ab initio quantum-mechanical calculation note: Theoretically derived structure\",\n    journal = \"Physics and Chemistry of Minerals\",\n    year = \"2004\",\n    volume = \"31\",\n    pages = \"559-564\",\n    ASTM_id = \"PCMIDU\"\n}\n\n@article{Brik2011,\n    author = \"Brik, M.G.\",\n    title = \"First-principles calculations of structural, electronic, optical and elastic properties of magnesite Mg C O3 and calcite Ca C O3\",\n    journal = \"Physica B, Condensed Matter\",\n    year = \"2011\",\n    volume = \"406\",\n    pages = \"1004-1012\",\n    ASTM_id = \"PHYBE3\"\n}\n\n@article{Markgraf1985,\n    author = \"Markgraf, S.A. and Reeder, R.J.\",\n    title = \"High-temperature structure refinements of calcite and magnesite\",\n    journal = \"American Mineralogist\",\n    year = \"1985\",\n    volume = \"70\",\n    pages = \"590-600\",\n    ASTM_id = \"AMMIAY\"\n}\n\n@article{Simon2011,\n    author = \"Simon, P. and Carrillo-Cabrera, W. and Yaxi, Huang and Buder, J. and Borrmann, H. and Cardoso-Gil, R. and Rosseeva, E. and Yarin, Y. and Zahnert, T. and Kniep, R.\",\n    title = \"Structural relationship between calcite-gelatine composites and biogenic (human) otoconia\",\n    journal = \"European Journal of Inorganic Chemistry (online)\",\n    year = \"2011\",\n    volume = \"2011\",\n    pages = \"5370-5377\",\n    ASTM_id = \"EJICFO\"\n}\n\n@article{Chessin1965,\n    author = \"Chessin, H. and Hamilton, W.C. and Post, B.\",\n    title = \"Position and termal parameters of oxygen atoms in calcite\",\n    journal = \"Acta Crystallographica (1,1948-23,1967)\",\n    year = \"1965\",\n    volume = \"18\",\n    pages = \"689-693\",\n    ASTM_id = \"ACCRA9\"\n}\n\n@article{Pilati1998,\n    author = \"Pilati, T. and Demartin, F. and Gramaccioli, C.M.\",\n    title = \"Lattice-dynamical estimation of atomic displacement parameters in carbonates: Calcite and aragonite Ca C O3, dolomite Ca Mg (C O3)2, and magnesite Mg C O3\",\n    journal = \"Acta Crystallographica, Section B: Structural Science\",\n    year = \"1998\",\n    volume = \"54\",\n    pages = \"515-523\",\n    ASTM_id = \"ASBSDK\"\n}\n\n@article{Sitepu2005,\n    author = \"Sitepu, H. and O'Connor, B.H. and Deyu, Li\",\n    title = \"Comparative evaluation of the March and generalized spherical harmonic preferred orientation models using X-ray diffraction data for molybdite and calcite powders\",\n    journal = \"Journal of Applied Crystallography\",\n    year = \"2005\",\n    volume = \"38\",\n    pages = \"158-167\",\n    ASTM_id = \"JACGAR\"\n}\n\n@article{Sass1957,\n    author = \"Sass, R.L. and Vidale, R. and Donohue, J.\",\n    title = \"Interatomic Distances and Thermal Anisotropy in Sodium Nitrate Calcite\",\n    journal = \"Acta Crystallographica (1,1948-23,1967)\",\n    year = \"1957\",\n    volume = \"10\",\n    pages = \"567-570\",\n    ASTM_id = \"ACCRA9\"\n}\n\n@article{Wyckoff1920,\n    author = \"Wyckoff, R.W.G.\",\n    title = \"The crystal structures of some carbonates of the calcite group\",\n    journal = \"American Journal of Science, Serie 4(-1920)\",\n    year = \"1920\",\n    volume = \"50\",\n    pages = \"317-360\",\n    ASTM_id = \"AJSC4K\"\n}\n\n@article{Sleight1970,\n    author = \"Sleight, A.W. and Prewitt, C.T.\",\n    title = \"Preparation of Cu Nb O3 and Cu Ta O3 at high pressure\",\n    journal = \"Materials Research Bulletin\",\n    year = \"1970\",\n    volume = \"5\",\n    pages = \"207-212\",\n    ASTM_id = \"MRBUAC\"\n}\n\n@article{Wartchow1989,\n    author = \"Wartchow, R.\",\n    title = {Datensammlung nach der \"Learnt profile\"-Methode(LP) fuer Calcit und Vergleich mit der \"Background peak background\"-Methode (BPB)},\n    journal = \"Zeitschrift fuer Kristallographie (1979-2010)\",\n    year = \"1989\",\n    volume = \"186\",\n    pages = \"300-302\",\n    ASTM_id = \"ZEKRDZ\"\n}\n\n@article{Borodin1979,\n    author = \"Borodin, V.L. and Lyutin, V.I. and Ilyukhin, V.V. and Belov, N.V.\",\n    title = \"The isomorphous series calcite - otavite\",\n    journal = \"Doklady Akademii Nauk SSSR\",\n    year = \"1979\",\n    volume = \"245\",\n    pages = \"1099-1101\",\n    ASTM_id = \"DANKAS\"\n}\n\n@article{Maslen1995,\n    author = \"Maslen, E.N. and Strel'tsov, V.A. and Strel'tsova, N.R. and Ishizawa, N.\",\n    title = \"Electron density and optical anisotropy in rhombohedral carbonates.III.Synchrotron X-ray studies of Ca C O3, Mg C O3 and MnC O3\",\n    journal = \"Acta Crystallographica, Section B: Structural Science\",\n    year = \"1995\",\n    volume = \"51\",\n    pages = \"929-939\",\n    ASTM_id = \"ASBSDK\"\n}\n\n@article{Maslen1993,\n    author = \"Maslen, E.N. and Strel'tsov, V.A. and Strel'tsova, N.R.\",\n    title = \"X-ray study of the electron density in calcite, CaCO3\",\n    journal = \"Acta Crystallographica, Section B: Structural Science\",\n    year = \"1993\",\n    volume = \"49\",\n    pages = \"636-641\",\n    ASTM_id = \"ASBSDK\"\n}\n", "remarks": ["Calcite", "Calcium carbonate"], "history": [{"name": "ICSD", "url": "https://icsd.fiz-karlsruhe.de/", "description": {"id": "169931", "experimental": true}}, {"name": "Materials Project Optimized Structure", "url": "http://www.materialsproject.org", "description": {}}], "created_at": "2017-07-18 08:21:08.349184", "_db_ids": {"icsd_ids": ["169913", "169931", "169914", "191854", "169925", "28827", "191853", "166365", "191857", "169928", "169919", "169932", "190276", "158472", "180349", "190275", "40112", "191859", "169924", "40107", "40543", "40544", "169918", "423567", "40548", "18164", "191860", "52151", "158258", "16710", "40546", "191861", "37241", "164935", "423568", "169927", "18166", "169933", "79674", "20179", "169923", "191868", "166364", "172232", "169926", "169929", "40114", "191858", "191856", "191852", "191865", "169930", "40116", "169915", "40113", "191867", "80869", "40545", "169921", "180348", "40115", "191866", "18165", "169917", "79673", "169922", "158257", "191862", "191864", "191855", "169920", "191863", "169916", "73446"]}, "_tags": ["High pressure experimental phase", "Calcite", "Calcium carbonate"], "_experimental": true}}, "snlgroup_changed": null, "snlgroup_id": null, "snlgroup_id_final": null, "spacegroup": {"symprec": 0.1, "source": "spglib", "symbol": "R-3c", "number": 167, "point_group": "-3m", "crystal_system": "trigonal", "hall": "-R 3 2\"c"}, "structure": {"@module": "pymatgen.core.structure", "@class": "Structure", "charge": null, "lattice": {"matrix": [[5.949424, -2.525657, 0.0], [5.949424, 2.525657, 0.0], [4.877229, 0.0, 4.241135]], "a": 6.463326482038873, "b": 6.463326482038873, "c": 6.463326450572183, "alpha": 46.00450846776466, "beta": 46.00450846776466, "gamma": 46.00450991145827, "volume": 127.45632255482008}, "sites": [{"species": [{"element": "Ca", "occu": 1}], "abc": [0.5, 0.5, 0.5], "xyz": [8.3880385, 0.0, 2.1205675], "label": "Ca", "properties": {"magmom": 0.0}}, {"species": [{"element": "Ca", "occu": 1}], "abc": [0.0, 0.0, 0.0], "xyz": [0.0, 0.0, 0.0], "label": "Ca", "properties": {"magmom": 0.0}}, {"species": [{"element": "C", "occu": 1}], "abc": [0.25, 0.25, 0.25], "xyz": [4.19401925, 0.0, 1.06028375], "label": "C", "properties": {"magmom": -0.0}}, {"species": [{"element": "C", "occu": 1}], "abc": [0.75, 0.75, 0.75], "xyz": [12.582057749999999, 0.0, 3.18085125], "label": "C", "properties": {"magmom": -0.0}}, {"species": [{"element": "O", "occu": 1}], "abc": [0.992743, 0.507257, 0.25], "xyz": [10.143443249999999, -1.2261711143020002, 1.06028375], "label": "O", "properties": {"magmom": -0.0}}, {"species": [{"element": "O", "occu": 1}], "abc": [0.25, 0.992743, 0.507257], "xyz": [9.867613580885, 1.875914057151, 2.151345416695], "label": "O", "properties": {"magmom": -0.0}}, {"species": [{"element": "O", "occu": 1}], "abc": [0.507257, 0.25, 0.992743], "xyz": [9.347077919114998, -0.6497429428489998, 4.210357083305], "label": "O", "properties": {"magmom": -0.0}}, {"species": [{"element": "O", "occu": 1}], "abc": [0.75, 0.007257, 0.492743], "xyz": [6.908463419114999, -1.8759140571509998, 2.089789583305], "label": "O", "properties": {"magmom": -0.0}}, {"species": [{"element": "O", "occu": 1}], "abc": [0.492743, 0.75, 0.007257], "xyz": [7.428999080884999, 0.649742942849, 0.030777916695], "label": "O", "properties": {"magmom": -0.0}}, {"species": [{"element": "O", "occu": 1}], "abc": [0.007257, 0.492743, 0.75], "xyz": [6.63263375, 1.2261711143019998, 3.18085125], "label": "O", "properties": {"magmom": -0.0}}]}, "task_id": "mp-3953", "task_ids": ["mp-655852", "mp-684128", "mp-659049", "mp-3953", "mp-1078555", "mp-1078652", "mp-1078770", "mp-1078905", "mp-1078959", "mp-1079358", "mp-1079493", "mp-1080014", "mp-1080114", "mp-1080505", "mp-1080565", "mp-1080580", "mp-1080781", "mp-1084837", "mp-1087503", "mp-1087548", "mp-1092298", "mp-1095078", "mp-1441033", "mp-1538872", "mp-1542465", "mp-1594533", "mp-1594652", "mp-1686915"], "total_magnetization": 0.0, "unit_cell_formula": {"Ca": 2.0, "C": 2.0, "O": 6.0}, "updated_at": null, "volume": 127.45632255482008, "warnings": [], "xrd": {"Ag": {"meta": ["amplitude", "hkl", "two_theta", "d_spacing"], "created_at": "2020-09-03T20:35:14.144186", "wavelength": {"element": "Ag", "in_angstroms": 0.560885}, "pattern": [[7.84161705813446, [1, 0, -1, 2], 8.238909937215785, 3.9039202359678957], [99.99999999999999, [1, 0, -1, 4], 10.462112196673457, 3.0759593995769694], [2.3436971326888774, [0, 0, 0, 6], 11.16069506656132, 2.883978663804928], [14.675327487982896, [2, -1, -1, 0], 12.750246537169398, 2.5256569594487437], [22.13128350706086, [2, -1, -1, 3], 13.92456113138546, 2.3135785793091244], [17.022420286346563, [2, 0, -2, 2], 15.199121746095262, 2.120567551943915], [7.503104991035601, [2, 0, -2, 4], 16.520799246913644, 1.9519601179839479], [24.241384686033733, [1, 0, -1, 8], 16.63268895558538, 1.938920508705235], [25.78578295050251, [2, -1, -1, 6], 16.97552905987535, 1.900040055121867], [5.164089375752933, [3, -1, -2, 1], 19.620414749826587, 1.64593373305148], [13.818973377552945, [3, -1, -2, 2], 19.88758080639949, 1.6240405573064125], [1.2592562322268999, [1, 0, -1, 10], 20.074418836857824, 1.6090779636324706], [7.8256659845276, [3, -1, -2, 4], 20.923522169155536, 1.544463235492519], [3.6146731403719103, [2, 0, -2, 8], 21.012727683733647, 1.5379796997884847], [4.624983388169263, [2, -1, -1, 9], 21.12605173282576, 1.5298226222768476], [3.4371988971352385, [3, -1, -2, 5], 21.66938866774032, 1.4919052074086356], [10.483696757607309, [3, 0, -3, 0], 22.176707443823144, 1.458188725418384], [6.109802382569445, [0, 0, 0, 12], 22.42905415274127, 1.441989331902464], [2.416137808740409, [3, -1, -2, 7], 23.54851649099207, 1.3743392018123977], [3.8740478142715387, [2, 0, -2, 10], 23.852578085528734, 1.357068705048725], [4.6373503866731385, [3, -1, -2, 8], 24.654165292748655, 1.313596039115678], [0.8618397085752892, [3, 0, -3, 6], 24.890708311688154, 1.3013067453226321], [1.8930142309121942, [4, -2, -2, 0], 25.66186151241118, 1.2628284797243718], [3.4824129239172494, [2, -1, -1, 12], 25.88211963850146, 1.2522627915407794], [0.055020670219670255, [4, -2, -2, 3], 26.28045434044362, 1.2336085749158725], [0.01145811511213823, [4, -1, -3, 1], 26.795578260102058, 1.210314859033127], [0.8976246904188507, [4, -1, -3, 2], 26.995190985499896, 1.2015296704540968], [4.538338941145624, [3, -1, -2, 10], 27.13550577467046, 1.195432357991257], [0.5304988640115434, [1, 0, -1, 14], 27.275153266701192, 1.1894269380013125], [8.384345719312195, [4, -1, -3, 4], 27.780373539606778, 1.168209693894796], [4.215570945596849, [4, -2, -2, 6], 28.060222474025363, 1.1567892896545622], [0.008947836377870224, [4, -1, -3, 5], 28.356101565138513, 1.1449624190420697], [1.0547560994788545, [3, -1, -2, 11], 28.490233566765422, 1.1396826830224145], [0.007168279732997939, [4, -1, -3, 7], 29.84154883502959, 1.0891682880953], [0.007826261719222634, [4, 0, -4, 2], 29.95865324523266, 1.085007748576015], [1.5575408314975165, [2, 0, -2, 14], 30.213367924525706, 1.0760708376226982], [5.356661451195985, [4, 0, -4, 4], 30.674202930120444, 1.0602837759719574], [5.718575943182442, [4, -1, -3, 8], 30.736718608079737, 1.0581790657580248], [0.027535568623102285, [4, -2, -2, 9], 30.81633659638163, 1.055511094126553], [2.6006846307458886, [1, 0, -1, 16], 30.98564325784976, 1.049883846713115], [0.8861515646711025, [2, -1, -1, 15], 31.00276670210925, 1.049318181171113], [0.6945938921915854, [3, -1, -2, 13], 31.385495903537997, 1.0368380579886158], [5.452976918288807, [3, 0, -3, 12], 31.7473251726021, 1.0253197998589898], [0.7017138970839348, [5, -2, -3, 1], 32.50939265145494, 1.0019106123932982], [2.3974030340495154, [5, -2, -3, 2], 32.67702259110379, 0.996909914128231], [0.45350593088386104, [4, -1, -3, 10], 32.7950841680238, 0.9934190533493555], [2.1169387615370256, [3, -1, -2, 14], 32.912769388462074, 0.9899646092506355]]}, "Mo": {"meta": ["amplitude", "hkl", "two_theta", "d_spacing"], "created_at": "2020-09-03T20:35:14.145028", "wavelength": {"element": "Mo", "in_angstroms": 0.71073}, "pattern": [[7.863956753664771, [1, 0, -1, 2], 10.445468865116517, 3.9039202359678957], [100.0, [1, 0, -1, 4], 13.268369036463838, 3.0759593995769694], [2.3412853279302652, [0, 0, 0, 6], 14.155995253722336, 2.883978663804928], [14.622438569449345, [2, -1, -1, 0], 16.176940637829777, 2.5256569594487437], [22.00490881665615, [2, -1, -1, 3], 17.67118616700967, 2.3135785793091244], [16.883053969192794, [2, 0, -2, 2], 19.2943055641066, 2.120567551943915], [7.420875747819329, [2, 0, -2, 4], 20.9790151365706, 1.9519601179839479], [23.969800487025562, [1, 0, -1, 8], 21.12171719604087, 1.938920508705235], [25.477391961371463, [2, -1, -1, 6], 21.559048996413335, 1.900040055121867], [5.069954104981671, [3, -1, -2, 1], 24.93723113835928, 1.64593373305148], [13.557752805663283, [3, -1, -2, 2], 25.278924455311795, 1.6240405573064125], [1.2348533473808876, [1, 0, -1, 10], 25.51793457491583, 1.6090779636324706], [7.656754127182288, [3, -1, -2, 4], 26.604699342506432, 1.544463235492519], [3.535800613949124, [2, 0, -2, 8], 26.718927665337112, 1.5379796997884847], [4.522675583666861, [2, -1, -1, 9], 26.864055174729423, 1.5298226222768476], [3.356154734464742, [3, -1, -2, 5], 27.560115055890453, 1.4919052074086356], [10.221980363382349, [3, 0, -3, 0], 28.2103987109563, 1.458188725418384], [5.95301345556588, [0, 0, 0, 12], 28.53399267608315, 1.441989331902464], [2.3464984515059752, [3, -1, -2, 7], 29.970638172965298, 1.3743392018123977], [3.758993318531941, [2, 0, -2, 10], 30.361174771381975, 1.357068705048725], [4.488757149206423, [3, -1, -2, 8], 31.391421135980494, 1.313596039115678], [0.8336201166528475, [3, 0, -3, 6], 31.695634888311673, 1.3013067453226321], [1.8266548937950866, [4, -2, -2, 0], 32.6880367609715, 1.2628284797243718], [3.3580131747327173, [2, -1, -1, 12], 32.97167049399332, 1.2522627915407794], [0.05298836872353845, [4, -2, -2, 3], 33.48482957162017, 1.2336085749158725], [0.01101672540973063, [4, -1, -3, 1], 34.148852355890995, 1.210314859033127], [0.8624914534482903, [4, -1, -3, 2], 34.40629014347492, 1.2015296704540968], [4.358729255705792, [3, -1, -2, 10], 34.58729492760007, 1.195432357991257], [0.5092731288206259, [1, 0, -1, 14], 34.7674741917985, 1.1894269380013125], [8.035622505763664, [4, -1, -3, 4], 35.419629016040695, 1.168209693894796], [4.036521721054498, [4, -2, -2, 6], 35.7810707735102, 1.1567892896545622], [0.008559422723909313, [4, -1, -3, 5], 36.16337695497616, 1.1449624190420697], [1.0085220152206003, [3, -1, -2, 11], 36.33674421982291, 1.1396826830224145], [0.0068230966580786236, [4, -1, -3, 7], 38.08530020629929, 1.0891682880953], [0.007446443310862504, [4, 0, -4, 2], 38.237001697241624, 1.085007748576015], [1.4806722993782673, [2, 0, -2, 14], 38.56706613289066, 1.0760708376226982], [5.084319127349165, [4, 0, -4, 4], 39.16456873047474, 1.0602837759719574], [5.426676161511112, [4, -1, -3, 8], 39.24565882898407, 1.0581790657580248], [0.026122941147026357, [4, -2, -2, 9], 39.348944632602056, 1.055511094126553], [2.4658381049012905, [1, 0, -1, 16], 39.56862558299846, 1.049883846713115], [0.8401550795042534, [2, -1, -1, 15], 39.5908472338666, 1.049318181171113], [0.6576782169778486, [3, -1, -2, 13], 40.08769268353566, 1.0368380579886158], [5.156761744661403, [3, 0, -3, 12], 40.557700832496494, 1.0253197998589898], [0.6618589701802791, [5, -2, -3, 1], 41.548565559764086, 1.0019106123932982], [2.259934363188454, [5, -2, -3, 2], 41.76670063644098, 0.996909914128231], [0.42732787209218115, [4, -1, -3, 10], 41.92037185708644, 0.9934190533493555], [1.9939330528189296, [3, -1, -2, 14], 42.073585413612875, 0.9899646092506355], [1.3979470656331077, [5, -2, -3, 4], 42.63012698953497, 0.9776306675292237], [3.6235452112670585, [4, 0, -4, 8], 42.70575524586134, 0.9759800589919739], [0.7190004523342621, [2, 0, -2, 16], 43.007194119119426, 0.9694602543526175], [0.5579757079281604, [5, -2, -3, 5], 43.268521361789546, 0.9638834733968139], [0.0011051013324109244, [0, 0, 0, 18], 43.38944768067125, 0.9613262212683091], [0.003898230278126042, [4, -1, -3, 11], 43.41787861712349, 0.9607271108413249], [3.1408022476035087, [5, -1, -4, 0], 43.710440700234265, 0.9546086016801316], [1.3232703597032995, [4, -2, -2, 12], 43.93252015993865, 0.9500200275609335], [0.010147003511346554, [5, -1, -4, 3], 44.33634108130523, 0.9417973886009673], [0.47713896752407337, [5, -2, -3, 7], 44.935278096722826, 0.9298815938707663]]}, "Fe": {"meta": ["amplitude", "hkl", "two_theta", "d_spacing"], "created_at": "2020-09-03T20:35:14.146209", "wavelength": {"element": "Fe", "in_angstroms": 1.93735}, "pattern": [[8.234417978842501, [1, 0, -1, 2], 28.733622270745784, 3.9039202359678957], [100.0, [1, 0, -1, 4], 36.711727901479875, 3.0759593995769694], [2.3037582281786935, [0, 0, 0, 6], 39.25229746962065, 2.883978663804928], [13.838184407962114, [2, -1, -1, 0], 45.10550306350614, 2.5256569594487437], [20.210951763700535, [2, -1, -1, 3], 49.503970490954465, 2.3135785793091244], [15.01448361984658, [2, 0, -2, 2], 54.36160300794754, 2.120567551943915], [6.3960156573508655, [2, 0, -2, 4], 59.505421344657286, 1.9519601179839479], [20.608419689327103, [1, 0, -1, 8], 59.94641863873341, 1.938920508705235], [21.744322413727282, [2, -1, -1, 6], 61.30344173254094, 1.900040055121867], [4.1656354213888465, [3, -1, -2, 1], 72.10497418385687, 1.64593373305148], [11.126231663823583, [3, -1, -2, 2], 73.23354434457126, 1.6240405573064125], [1.0129361923611853, [1, 0, -1, 10], 74.0274413195989, 1.6090779636324706], [6.296223925525444, [3, -1, -2, 4], 77.68651316145466, 1.544463235492519], [2.90963672829207, [2, 0, -2, 8], 78.07604960772976, 1.5379796997884847], [3.7256985102260263, [2, -1, -1, 9], 78.5723781786387, 1.5298226222768476], [2.7852105886109397, [3, -1, -2, 5], 80.97576725481727, 1.4919052074086356], [8.573342314988126, [3, 0, -3, 0], 83.25731553096662, 1.458188725418384], [5.026535500884683, [0, 0, 0, 12], 84.40655194157078, 1.441989331902464], [2.0678495414414013, [3, -1, -2, 7], 89.63156456491221, 1.3743392018123977], [3.364682089463237, [2, 0, -2, 10], 91.0898045073491, 1.357068705048725], [4.224512054266963, [3, -1, -2, 8], 95.02458948956952, 1.313596039115678], [0.7983449023617626, [3, 0, -3, 6], 96.21283902607722, 1.3013067453226321], [1.8682120284673576, [4, -2, -2, 0], 100.18260118253977, 1.2628284797243718], [3.508600596116918, [2, -1, -1, 12], 101.34564968592842, 1.2522627915407794], [0.05772242271739602, [4, -2, -2, 3], 103.4851918747826, 1.2336085749158725], [0.012742515275079604, [4, -1, -3, 1], 106.32699724936886, 1.210314859033127], [1.0229777265371494, [4, -1, -3, 2], 107.452897694454, 1.2015296704540968], [5.265262878231568, [3, -1, -2, 10], 108.25314865588169, 1.195432357991257], [0.6268381005444055, [1, 0, -1, 14], 109.05710336177054, 1.1894269380013125], [10.63374771130183, [4, -1, -3, 4], 112.0325064302826, 1.168209693894796], [5.578202043105176, [4, -2, -2, 6], 113.7294636547337, 1.1567892896545622], [0.012415340577233994, [4, -1, -3, 5], 115.56537963618351, 1.1449624190420697], [1.4966741589648154, [3, -1, -2, 11], 116.41278815925466, 1.1396826830224145], [0.013209044141838178, [4, -1, -3, 7], 125.58869774324155, 1.0891682880953], [0.014803055085640265, [4, 0, -4, 2], 126.44979056950572, 1.085007748576015], [3.1253128863695228, [2, 0, -2, 14], 128.3677672916194, 1.0760708376226982], [12.06828293809929, [4, 0, -4, 4], 132.0153002507587, 1.0602837759719574], [13.100768589260886, [4, -1, -3, 8], 132.53000381268558, 1.0581790657580248], [0.06446332654380704, [4, -2, -2, 9], 133.19311474566288, 1.055511094126553], [6.385221079419568, [1, 0, -1, 16], 134.63314869287825, 1.049883846713115], [2.1864496671695988, [2, -1, -1, 15], 134.78117285489148, 1.049318181171113], [1.9263617507970048, [3, -1, -2, 13], 138.2174292546195, 1.0368380579886158], [17.131556718673774, [3, 0, -3, 12], 141.73180652512056, 1.0253197998589898], [3.089002322979012, [5, -2, -3, 1], 150.40196413685726, 1.0019106123932982], [11.635190096078734, [5, -2, -3, 2], 152.66221703265614, 0.996909914128231], [2.37804119762663, [4, -1, -3, 10], 154.37036629277773, 0.9934190533493555], [12.104817596361453, [3, -1, -2, 14], 156.19199358969536, 0.9899646092506355], [13.66696844923297, [5, -2, -3, 4], 164.47751354330623, 0.9776306675292237], [39.459058350021, [4, 0, -4, 8], 165.97088499250555, 0.9759800589919739], [24.459424526707753, [2, 0, -2, 16], 175.3874921675025, 0.9694602543526175]]}, "Cu": {"meta": ["amplitude", "hkl", "two_theta", "d_spacing"], "created_at": "2020-09-03T20:35:14.147159", "wavelength": {"element": "Cu", "in_angstroms": 1.54184}, "pattern": [[8.081175373204765, [1, 0, -1, 2], 22.778486131451924, 3.9039202359678957], [100.0, [1, 0, -1, 4], 29.02929444416099, 3.0759593995769694], [2.318608095512163, [0, 0, 0, 6], 31.00866841075601, 2.883978663804928], [14.137075233173055, [2, -1, -1, 0], 35.54465756025408, 2.5256569594487437], [20.869503218917973, [2, -1, -1, 3], 38.92810703330606, 2.3135785793091244], [15.66388311959797, [2, 0, -2, 2], 42.636033444684145, 2.120567551943915], [6.724435863609466, [2, 0, -2, 4], 46.525286602335036, 1.9519601179839479], [21.67647698992699, [1, 0, -1, 8], 46.85679205490185, 1.938920508705235], [22.897646555066277, [2, -1, -1, 6], 47.8748667265691, 1.900040055121867], [4.348893706648352, [3, -1, -2, 1], 55.85818781871825, 1.64593373305148], [11.57817878287293, [3, -1, -2, 2], 56.67867148949059, 1.6240405573064125], [1.0513484030933875, [1, 0, -1, 10], 57.25414815691008, 1.6090779636324706], [6.433676724105196, [3, -1, -2, 4], 59.8876614309804, 1.544463235492519], [2.967108339299181, [2, 0, -2, 8], 60.166128606821815, 1.5379796997884847], [3.7890315297444745, [2, -1, -1, 9], 60.520393475215165, 1.5298226222768476], [2.7907687655632243, [3, -1, -2, 5], 62.22702347294116, 1.4919052074086356], [8.446261588359048, [3, 0, -3, 0], 63.83306508724486, 1.458188725418384], [4.904710665671627, [0, 0, 0, 12], 64.63663332372774, 1.441989331902464], [1.913595328827415, [3, -1, -2, 7], 68.24147542141694, 1.3743392018123977], [3.059540356783087, [2, 0, -2, 10], 69.2325247513773, 1.357068705048725], [3.642252904093496, [3, -1, -2, 8], 71.87147998978709, 1.313596039115678], [0.6762208028079074, [3, 0, -3, 6], 72.65783940121928, 1.3013067453226321], [1.4837193361626086, [4, -2, -2, 0], 75.24711536911994, 1.2628284797243718], [2.730487023699872, [2, -1, -1, 12], 75.9941987823117, 1.2522627915407794], [0.04320580353508214, [4, -2, -2, 3], 77.35421783613282, 1.2336085749158725], [0.009030714489082346, [4, -1, -3, 1], 79.13074774387225, 1.210314859033127], [0.7088618084595679, [4, -1, -3, 2], 79.82477053495124, 1.2015296704540968], [3.589641900356031, [3, -1, -2, 10], 80.31455942542391, 1.195432357991257], [0.4203332961063858, [1, 0, -1, 14], 80.80363474522899, 1.1894269380013125], [6.694637884222785, [4, -1, -3, 4], 82.58689854344262, 1.168209693894796], [3.383801420864861, [4, -2, -2, 6], 83.58437105339293, 1.1567892896545622], [0.007228432926284524, [4, -1, -3, 5], 84.64682292181084, 1.1449624190420697], [0.854794819053697, [3, -1, -2, 11], 85.13119972470815, 1.1396826830224145], [0.0060637692244999266, [4, -1, -3, 7], 90.1133917990245, 1.0891682880953], [0.006651539825549943, [4, 0, -4, 2], 90.55452363779987, 1.085007748576015], [1.3381187962167624, [2, 0, -2, 14], 91.51959209044534, 1.0760708376226982], [4.702451196885113, [4, 0, -4, 4], 93.28570757732138, 1.0602837759719574], [5.03594155146514, [4, -1, -3, 8], 93.52735948243928, 1.0581790657580248], [0.024347497923702915, [4, -2, -2, 9], 93.83585407949265, 1.055511094126553], [2.3202077978085835, [1, 0, -1, 16], 94.49463912302454, 1.049883846713115], [0.7913137113663011, [2, -1, -1, 15], 94.56148059118105, 1.049318181171113], [0.633859114332104, [3, -1, -2, 13], 96.06595067054185, 1.0368380579886158], [5.088685112848976, [3, 0, -3, 12], 97.50741761244068, 1.0253197998589898], [0.690613487496465, [5, -2, -3, 1], 100.60902837275172, 1.0019106123932982], [2.3899850760622705, [5, -2, -3, 2], 101.30404965418438, 0.996909914128231], [0.45632750313566894, [4, -1, -3, 10], 101.7964724607916, 0.9934190533493555], [2.1504037675954937, [3, -1, -2, 14], 102.28978074075266, 0.9899646092506355], [1.5655543690582723, [5, -2, -3, 4], 104.10220461881124, 0.9776306675292237], [4.079713361384313, [4, 0, -4, 8], 104.35106169352645, 0.9759800589919739], [0.8273583006781976, [2, 0, -2, 16], 105.34931527345613, 0.9694602543526175], [0.654764569265985, [5, -2, -3, 5], 106.22320393820621, 0.9638834733968139], [0.001308886646591408, [0, 0, 0, 18], 106.63033300425494, 0.9613262212683091], [0.004627257241043622, [4, -1, -3, 11], 106.72631011025459, 0.9607271108413249], [3.8153162734107844, [5, -1, -4, 0], 107.71974765078069, 0.9546086016801316], [1.636791077948463, [4, -2, -2, 12], 108.48110412623106, 0.9500200275609335], [0.012986736713694264, [5, -1, -4, 3], 109.88229933809937, 0.9417973886009673], [0.6442926622331492, [5, -2, -3, 7], 112.00291356319714, 0.9298815938707663], [0.0022089408218226602, [4, 0, -4, 10], 113.00261414923733, 0.9244771160756383], [1.6179974593349187, [5, -2, -3, 8], 115.73438921556965, 0.9103732247906541], [1.357242488929534, [5, -1, -4, 6], 116.56879376925149, 0.9062525210241342], [1.819571464767728, [3, -1, -2, 16], 116.81046105256407, 0.9050749464302993], [2.3698263757850344, [2, -1, -1, 18], 118.19884603520893, 0.8984456084786299], [0.004672865853615391, [4, -1, -3, 13], 118.57755148036306, 0.8966769314439704], [0.43290226893518086, [5, 0, -5, 2], 124.65893536418476, 0.8704738475441195], [2.560317943209764, [5, -2, -3, 10], 125.24756391690033, 0.8681469691928411], [0.6007501037816104, [3, -1, -2, 17], 125.5942884148113, 0.8667928456882622], [0.5238925117690242, [4, -1, -3, 14], 125.8404974372617, 0.8658386516864552], [2.1155678289757356, [5, 0, -5, 4], 128.0484067943818, 0.8575504813068673], [0.014787056034128195, [5, -1, -4, 9], 128.74903280251164, 0.8550194978425893], [0.023297135240943095, [4, -2, -2, 15], 129.6830968601072, 0.851717714362098], [2.5413068010678863, [1, 0, -1, 20], 130.54223071347067, 0.84875284065852], [0.7649453761936679, [5, -2, -3, 11], 131.33610922695794, 0.8460735915188153], [1.2978060298319334, [6, -3, -3, 0], 132.612463100702, 0.8418856531495813], [0.5706971742795892, [6, -3, -3, 3], 135.46022711317693, 0.8330586571099822], [0.026678163538176272, [6, -2, -4, 1], 137.99772514239805, 0.825773391398956], [3.1469687084888953, [6, -2, -4, 2], 139.02777071612147, 0.82296686652574], [2.8820257945816765, [6, -2, -4, 4], 143.38528795426865, 0.8120202786532063], [2.9934501249855807, [5, 0, -5, 8], 143.79167795448325, 0.8110736899657457], [3.175312187103876, [6, -3, -3, 6], 145.07945872352838, 0.8081555797881511], [7.65801529102379, [4, -1, -3, 16], 145.4584460329274, 0.8073201711269937], [1.579078411231779, [2, 0, -2, 20], 146.75622087501173, 0.8045389818162353], [0.03342499233839221, [6, -2, -4, 5], 146.97070751717152, 0.8040910875521342], [0.7198558522172166, [3, 0, -3, 18], 147.69419576226102, 0.8026046688606167], [1.1319844974366917, [5, -2, -3, 13], 148.32305790622718, 0.8013430239331739], [1.0249845159258641, [3, -1, -2, 19], 150.21126800208813, 0.7977223881389657], [16.099065255874308, [5, -1, -4, 12], 151.16401163262614, 0.7959896869304124], [1.961404446716876, [6, -1, -5, 1], 158.35011127344762, 0.784886602586161], [0.05224535550181276, [6, -2, -4, 7], 159.01364815008586, 0.7840316710843526], [1.8004015695176194, [2, -1, -1, 21], 159.5524792458861, 0.783358091732978], [7.540226773065634, [6, -1, -5, 2], 160.2820376271798, 0.7824754725569519], [1.3534285671747974, [5, 0, -5, 10], 161.76574534257512, 0.7807840471935792], [0.014592474506077332, [4, -1, -3, 17], 162.69148506473942, 0.7797985271127923], [8.343867181210845, [5, -2, -3, 14], 163.37653287322348, 0.7791035433483122], [1.7335092622115564, [1, 0, -1, 22], 169.56672852715081, 0.7741263993296486], [11.065942295799656, [6, -1, -5, 4], 171.49450968768366, 0.7730484859836197], [16.378312378040633, [6, -2, -4, 8], 173.32026909004426, 0.7722316177462595], [8.094799196513764, [6, -3, -3, 9], 176.9516229320002, 0.7711928597697082]]}}, "band_structure_uniform": null, "dos": {"GGA": {"task_id": "mp-1686915"}}, "band_structure": null, "static": null, "exp": {"tags": ["High pressure experimental phase", "Calcite", "Calcium carbonate"]}, "exp_lattice": null, "elasticity": {"G_Reuss": 28.0, "G_VRH": 32.0, "G_Voigt": 36.0, "G_Voigt_Reuss_Hill": 32.0, "K_Reuss": 73.0, "K_VRH": 76.0, "K_Voigt": 79.0, "K_Voigt_Reuss_Hill": 76.0, "elastic_anisotropy": 1.4, "elastic_tensor": [[147.0, 57.0, 54.0, 17.0, 0.0, 0.0], [57.0, 147.0, 54.0, -17.0, 0.0, 0.0], [54.0, 54.0, 85.0, 0.0, 0.0, 0.0], [17.0, -17.0, 0.0, 32.0, 0.0, 0.0], [0.0, 0.0, 0.0, 0.0, 32.0, 17.0], [0.0, 0.0, 0.0, 0.0, 17.0, 45.0]], "homogeneous_poisson": 0.31, "poisson_ratio": 0.31, "universal_anisotropy": 1.4, "elastic_tensor_original": [[146.8583163645628, 55.77720866039091, 53.347612114130584, -16.47497821064572, 0.0, 0.0], [56.98778627440499, 148.11648030209827, 53.58152107017539, 16.54373759410167, 0.0, 0.0], [54.52081833835644, 54.520819678295716, 85.33509389236427, 0.0, 0.0, 0.0], [-17.805161862057453, 16.843794204201583, -0.2511419570556289, 32.00529781946589, 0.0, 0.0], [-0.0006805655753525981, 8.837319162373549e-05, -0.00015513308457115876, 4.3399930406499846e-05, 31.972897150182362, -17.265669277143022], [0.011388823371393407, 0.022219243571021403, 0.007721741099103783, -0.0026632292294136543, -17.27984991709314, 43.92754329374091]], "compliance_tensor": [[10.7, -3.3, -4.7, -7.5, -0.0, 0.0], [-3.3, 10.7, -4.7, 7.5, -0.0, 0.0], [-4.7, -4.7, 17.6, -0.0, 0.0, -0.0], [-7.5, 7.5, -0.0, 39.3, 0.0, -0.0], [-0.0, -0.0, 0.0, 0.0, 39.3, -15.0], [0.0, 0.0, -0.0, -0.0, -15.0, 28.1]], "warnings": [], "nsites": 10}, "piezo": null, "diel": {"e_electronic": [[2.9238167805645894, 7.707538437719298e-07, 2.804329836511736e-07], [7.707538436780365e-07, 2.923815887196967, 7.770564047770989e-08], [2.8043298356243e-07, 7.770564025566529e-08, 2.31611333223859]], "e_total": [[9.000940417784879, 2.3727579201352036e-06, 8.871068059032689e-07], [2.3727579201404806e-06, 9.000937667561676, 2.392160286524003e-07], [8.871068056972896e-07, 2.392160284303557e-07, 7.326669914653847]], "n": 1.6496207644991363, "poly_electronic": 2.7212486666667153, "poly_total": 8.442849333333468}, "phonons": null, "doi": "10.17188/1207669", "doi_bibtex": "@misc{osti_1207669,\n    author = \"Persson, Kristin\",\n    title = \"Materials Data on CaCO3 (SG:167) by Materials Project\",\n    abstractNote = \"Computed materials data using density functional theory calculations. These calculations determine the electronic structure of bulk materials by solving approximations to the Schrodinger equation. For more information, see https://materialsproject.org/docs/calculations\",\n    doi = \"10.17188/1207669\",\n    place = \"United States\",\n    year = \"2014\",\n    month = \"7\",\n    note = \"An optional note\"\n}\n", "external_data": null, "sbxd": [{"e_above_hull": 0, "id": "core"}]}